epoch,eval_dist
0,10.36965
1,9.428016
2,8.992218
3,9.525292
4,9.256809
5,8.750973
6,8.081712
7,7.844358
8,7.575875
9,7.638132
10,7.513619
11,7.431907
12,7.167315
13,7.385214
14,7.256809
15,7.097276
16,6.984436
17,7.042802
18,7
19,6.996109
20,6.980545